{"tp1": {"x": 12.154665067381472, "y": 192.06149711337827}, "tp2": {"x": 10.654645819657338, "y": 16.094158397728048}, "tp3": {"x": 31.775653797665377, "y": 191.41789187488075}, "tp4": {"x": 37.19902741606899, "y": 16.613786410761723}, "tp5": {"x": 60.994126146788986, "y": 191.43231225186963}, "tp6": {"x": 60.34465390248075, "y": 18.60553498867496}, "tp7": {"x": 74.75317273967453, "y": 107.69965339041312}, "tp8": {"x": 154.06460812622294, "y": 44.48276384793953}, "tp9": {"x": 189.31889518221953, "y": 87.24456529030755}}